Workbook

Sheet README
A1: Fabric + Power BI Economics Capacity Planning Worksheet
A3: Purpose
A4: Reusable worksheet to estimate Microsoft Fabric capacity needs and monthly economics across scenarios. Update the yellow input cells with your regional pricing, user counts, workload assumptions, and storage estimates.
A6: 1) Enter pricing and workload assumptions in the Inputs sheet.
A7: 2) Review the SKU catalog for F-SKU mappings, free-viewer thresholds, and operational notes.
A8: 3) Use the Scenarios sheet to compare licensing patterns and capacity choices.
A9: 4) Use the Sizing sheet to estimate required continuous CUs from daily CU-hour demand and peak factors.
A10: 5) Final monthly economics roll up on the Summary sheet.
A13: Important notes
A14: • Yellow cells = inputs to update. Black text = formulas. Gray text = static reference values.
A15: • Fabric pricing is region-specific on the Azure pricing page. Enter your current regional PAYG CU-hour rate and storage rates.
A16: • Reservation discounts cover Fabric capacity usage only, not storage or networking.
... A18: • PPU does not provision Fabric capacity for non-Power BI items such as lakehouses, warehouses, notebooks, or pipelines.

Sheet Inputs
A1: Core assumptions
A2: Input | B2: Value | C2: Units | D2: Category | E2: Description | F2: Source / note
A3: Power BI Pro license price | B3: 14 | C3: $/user/month | D3: Licensing | E3: Official list price; paid yearly shown on pricing page | F3: https://www.microsoft.com/en-us/power-platform/products/power-bi/pricing
A4: Power BI PPU license price | B4: 24 | C4: $/user/month | D4: Licensing | E4: Official list price; paid yearly shown on pricing page | F4: https://www.microsoft.com/en-us/power-platform/products/power-bi/pricing
A5: Fabric PAYG price per CU-hour | B5: 0.18 | C5: $/CU-hour | D5: Capacity | E5: Enter current regional Azure price for Fabric capacity | F5: https://azure.microsoft.com/en-us/pricing/details/microsoft-fabric/
A6: Reservation savings vs PAYG | B6: 0.41 | C6: % | D6: Capacity | E6: Azure pricing page says 1 or 3 year reservation can save ~41% vs PAYG | F6: https://azure.microsoft.com/en-us/pricing/details/microsoft-fabric/
A7: Operating hours per day | B7: 24 | C7: hours/day | D7: Capacity | E7: Use <24 if you plan scheduled pause/resume | F7: Assumption
A8: Days per month | B8: 30 | C8: days/month | D8: Capacity | E8: Financial planning convention | F8: Assumption
A9: OneLake storage rate | B9: 0.023 | C9: $/GB/month | D9: Storage | E9: Enter regional storage rate | F9: https://azure.microsoft.com/en-us/pricing/details/microsoft-fabric/
A10: SQL storage / backup rate | B10: 0.25 | C10: $/GB/month | D10: Storage | E10: Optional additional SQL storage charge if applicable | F10: https://azure.microsoft.com/en-us/pricing/details/microsoft-fabric/
A11: Fabric creators / engineers | B11: 25 | C11: users | D11: Users | E11: Users creating Fabric items or administering workspaces | F11: Assumption
A12: Power BI publishers | B12: 40 | C12: users | D12: Users | E12: Users who publish / share Power BI content; usually need Pro or PPU | F12: Assumption
A13: Paid Power BI viewers if capacity < F64 | B13: 300 | C13: users | D13: Users | E13: Viewers who require Pro/PPU because workspace is not on F64+ | F13: Assumption
A14: Free viewers on F64+ scenario | B14: 1500 | C14: users | D14: Users | E14: Users viewing Power BI content on F64+ capacity with viewer role | F14: Assumption
... A18: Contingency / growth buffer | B18: 0.2 | C18: % | D18: Planning | E18: Applied to capacity estimate and cost planning | F18: Assumption
A21: Workload demand inputs for capacity sizing
A22: Input | B22: Value | C22: Units | D22: Category | E22: Description | F22: Source / note
A23: Interactive BI | B23: 800 | C23: CU-hours/day | D23: Demand | E23: Daily interactive/reporting compute load | F23: Estimate from monitoring or benchmark
A24: Scheduled refresh / semantic models | B24: 250 | C24: CU-hours/day | D24: Demand | E24: Refresh and model processing | F24: Estimate
A25: Data engineering / pipelines | B25: 400 | C25: CU-hours/day | D25: Demand | E25: ETL, notebook, warehouse processing | F25: Estimate
A26: Data science / Spark on base capacity | B26: 150 | C26: CU-hours/day | D26: Demand | E26: Only if not using autoscale Spark billing | F26: Estimate
A27: Peak concurrency factor | B27: 1.25 | C27: x | D27: Demand | E27: Multiplier for peak-time bursts | F27: Assumption
A28: Mission critical SLA uplift | B28: 0.1 | C28: % | D28: Demand | E28: Extra headroom for non-throttling design | F28: Assumption

Sheet SKU Catalog
A1: Fabric SKU reference
A2: SKU | B2: CUs | C2: Power BI mapping | D2: Free Power BI viewers? | E2: Mirroring free TB | F2: Gen2 parallel tasks | G2: Indicative hourly price | H2: Indicative monthly price @ operating hours | I2: Reserved monthly price | J2: Notes
A3: F2 | B3: 2 | C3: - | D3: No | E3: 2 | F3: 96 | G3: =B3*Inputs!$B$5 -> 0.36 | H3: =G3*Inputs!$B$7*Inputs!$B$8 -> 259.2 | I3: =H3*(1-Inputs!$B$6) -> 152.928 | J3: Regional prices vary; update Inputs first
A4: F4 | B4: 4 | C4: - | D4: No | E4: 4 | F4: 96 | G4: =B4*Inputs!$B$5 -> 0.72 | H4: =G4*Inputs!$B$7*Inputs!$B$8 -> 518.4 | I4: =H4*(1-Inputs!$B$6) -> 305.856 | J4: Regional prices vary; update Inputs first
A5: F8 | B5: 8 | C5: EM/A1 | D5: No | E5: 8 | F5: 96 | G5: =B5*Inputs!$B$5 -> 1.44 | H5: =G5*Inputs!$B$7*Inputs!$B$8 -> 1036.8 | I5: =H5*(1-Inputs!$B$6) -> 611.712 | J5: Regional prices vary; update Inputs first
A6: F16 | B6: 16 | C6: EM2/A2 | D6: No | E6: 16 | F6: 96 | G6: =B6*Inputs!$B$5 -> 2.88 | H6: =G6*Inputs!$B$7*Inputs!$B$8 -> 2073.6 | I6: =H6*(1-Inputs!$B$6) -> 1223.424 | J6: Regional prices vary; update Inputs first
A7: F32 | B7: 32 | C7: EM3/A3 | D7: No | E7: 32 | F7: 96 | G7: =B7*Inputs!$B$5 -> 5.76 | H7: =G7*Inputs!$B$7*Inputs!$B$8 -> 4147.2 | I7: =H7*(1-Inputs!$B$6) -> 2446.848 | J7: Regional prices vary; update Inputs first
A8: F64 | B8: 64 | C8: P1/A4 | D8: Yes | E8: 64 | F8: 384 | G8: =B8*Inputs!$B$5 -> 11.52 | H8: =G8*Inputs!$B$7*Inputs!$B$8 -> 8294.4 | I8: =H8*(1-Inputs!$B$6) -> 4893.696 | J8: Regional prices vary; update Inputs first
A9: F128 | B9: 128 | C9: P2/A5 | D9: Yes | E9: 128 | F9: 384 | G9: =B9*Inputs!$B$5 -> 23.04 | H9: =G9*Inputs!$B$7*Inputs!$B$8 -> 16588.8 | I9: =H9*(1-Inputs!$B$6) -> 9787.392 | J9: Regional prices vary; update Inputs first
A10: F256 | B10: 256 | C10: P3/A6 | D10: Yes | E10: 256 | F10: 384 | G10: =B10*Inputs!$B$5 -> 46.08 | H10: =G10*Inputs!$B$7*Inputs!$B$8 -> 33177.6 | I10: =H10*(1-Inputs!$B$6) -> 19574.784 | J10: Regional prices vary; update Inputs first
A11: F512 | B11: 512 | C11: P4/A7 | D11: Yes | E11: 512 | F11: 1536 | G11: =B11*Inputs!$B$5 -> 92.16 | H11: =G11*Inputs!$B$7*Inputs!$B$8 -> 66355.2 | I11: =H11*(1-Inputs!$B$6) -> 39149.568 | J11: Regional prices vary; update Inputs first
A12: F1024 | B12: 1024 | C12: P5/A8 | D12: Yes | E12: 1024 | F12: 1536 | G12: =B12*Inputs!$B$5 -> 184.32 | H12: =G12*Inputs!$B$7*Inputs!$B$8 -> 132710.4 | I12: =H12*(1-Inputs!$B$6) -> 78299.136 | J12: Regional prices vary; update Inputs first
A13: F2048 | B13: 2048 | C13: - | D13: Yes | E13: 2048 | F13: 1536 | G13: =B13*Inputs!$B$5 -> 368.64 | H13: =G13*Inputs!$B$7*Inputs!$B$8 -> 265420.8 | I13: =H13*(1-Inputs!$B$6) -> 156598.27 | J13: Regional prices vary; update Inputs first

Sheet Sizing
A1: Capacity sizing logic
A2: Metric | B2: Value | C2: Units | D2: Formula / explanation
A3: Daily BI CU-hours | B3: =Inputs!B23 -> 800 | C3: CU-hours/day | D3: Interactive BI
A4: Daily refresh CU-hours | B4: =Inputs!B24 -> 250 | C4: CU-hours/day | D4: Scheduled refresh / processing
A5: Daily engineering CU-hours | B5: =Inputs!B25 -> 400 | C5: CU-hours/day | D5: Pipelines / notebooks / warehouse
A6: Daily data science CU-hours | B6: =Inputs!B26 -> 150 | C6: CU-hours/day | D6: Base-capacity Spark only
A7: Base daily total | B7: =SUM(B3:B6) -> 1600 | C7: CU-hours/day | D7: Sum of workload classes
A8: Peak concurrency factor | B8: =Inputs!B27 -> 1.25 | C8: x | D8: Peak-time multiplier
A9: SLA uplift | B9: =Inputs!B28 -> 0.1 | C9: % | D9: Extra headroom
A10: Growth / contingency buffer | B10: =Inputs!B18 -> 0.2 | C10: % | D10: Planning buffer
A11: Effective daily CU-hours | B11: =B7*B8*(1+B9)*(1+B10) -> 2640 | C11: CU-hours/day | D11: Adjusted for peaks and buffers
A12: Operating hours per day | B12: =Inputs!B7 -> 24 | C12: hours/day | D12: Supports pause/resume economics
A13: Required continuous CUs | B13: =B11/B12 -> 110 | C13: CUs | D13: Daily CU-hours spread across active hours
A14: Recommended SKU CUs | B14: =IF(B13<=2,2,IF(B13<=4,4,IF(B13<=8,8,IF(B13<=16,16,IF(B13<=32,32,IF(B13<=64,64,IF(B13<=128,128,IF(B13<=256,256,IF(B13<=512,512,IF(B13<=1024,1024,2048)))))))))) -> 128 | C14: CUs | D14: Next available listed SKU
A15: Recommended SKU | B15: =IF(B14=2,"F2",IF(B14=4,"F4",IF(B14=8,"F8",IF(B14=16,"F16",IF(B14=32,"F32",IF(B14=64,"F64",IF(B14=128,"F128",IF(B14=256,"F256",IF(B14=512,"F512",IF(B14=1024,"F1024","F2048")))))))))) -> F128 | C15: SKU | D15: Nearest capacity at or above required CU
A18: Sizing guidance
A19: Interpretation
A20: If the recommended SKU is below F64 but you want free Power BI viewers, evaluate the economics of stepping up to F64 versus licensing viewers individually.
A21: If Spark demand is bursty and unpredictable, consider billing Spark separately with Autoscale Billing for Spark rather than sizing the base capacity for peak Spark.
A22: Use actual Capacity Metrics data to replace benchmark assumptions wherever possible. | B22: Use actual Capacity Metrics data to replace benchmark assumptions wherever possible. | C22: Use actual Capacity Metrics data to replace benchmark assumptions wherever possible. | D22: Use actual Capacity Metrics data to replace benchmark assumptions wherever possible. | E22: Use actual Capacity Metrics data to replace benchmark assumptions wherever possible. | F22: Use actual Capacity Metrics data to replace benchmark assumptions wherever possible. | G22: Use actual Capacity Metrics data to replace benchmark assumptions wherever possible. | H22: Use actual Capacity Metrics data to replace benchmark assumptions wherever possible.

Sheet Scenarios
A1: Scenario comparison
A2: Item | B2: Scenario A: Pro / PPU only | C2: Scenario B: Fabric < F64 + Pro viewers | D2: Scenario C: Fabric F64+ + free viewers | E2: Units | F2: Notes
B3: PPU only | C3: F32 | D3: F64 | E3: SKU | F3: Edit SKU choices here
A4: Selected SKU CUs | B4: =0 -> 0 | C4: =VLOOKUP(C3,'SKU Catalog'!$A$3:$I$13,2,FALSE) -> 32 | D4: =VLOOKUP(D3,'SKU Catalog'!$A$3:$I$13,2,FALSE) -> 64 | E4: CUs | F4: A has no Fabric capacity
A5: Monthly Fabric capacity cost (PAYG) | B5: =0 -> 0 | C5: =VLOOKUP(C3,'SKU Catalog'!$A$3:$I$13,8,FALSE) -> 4147.2 | D5: =VLOOKUP(D3,'SKU Catalog'!$A$3:$I$13,8,FALSE) -> 8294.4 | E5: $/month | F5: From SKU Catalog
A6: Monthly Fabric cost (reserved) | B6: =0 -> 0 | C6: =VLOOKUP(C3,'SKU Catalog'!$A$3:$I$13,9,FALSE) -> 2446.848 | D6: =VLOOKUP(D3,'SKU Catalog'!$A$3:$I$13,9,FALSE) -> 4893.696 | E6: $/month | F6: Optional if reservation used
A7: Power BI publishers | B7: =Inputs!$B$12 -> 40 | C7: =Inputs!$B$12 -> 40 | D7: =Inputs!$B$12 -> 40 | E7: users | F7: Typically Pro or PPU
A8: Paid viewers | B8: =Inputs!$B$13 -> 300 | C8: =Inputs!$B$13 -> 300 | D8: =0 -> 0 | E8: users | F8: F64+ allows free viewers with viewer role
A9: Free viewers | B9: =0 -> 0 | C9: =0 -> 0 | D9: =Inputs!$B$14 -> 1500 | E9: users | F9: Viewer-role users on F64+
A10: Pro license cost | B10: =0 -> 0 | C10: =SUM(C7:C8)*Inputs!$B$3 -> 4760 | D10: =D7*Inputs!$B$3 -> 560 | E10: $/month | F10: Publishers + paid viewers on Pro
A11: PPU license cost | B11: =B7*Inputs!$B$4 -> 960 | C11: =0 -> 0 | D11: =0 -> 0 | E11: $/month | F11: A assumes only publishers on PPU
A12: OneLake storage cost | B12: =0 -> 0 | C12: =Inputs!$B$15*Inputs!$B$9 -> 345 | D12: =Inputs!$B$15*Inputs!$B$9 -> 345 | E12: $/month | F12: Not covered by reservation
A13: SQL storage / backup cost | B13: =0 -> 0 | C13: =Inputs!$B$16*Inputs!$B$10 -> 500 | D13: =Inputs!$B$16*Inputs!$B$10 -> 500 | E13: $/month | F13: Optional
A14: Autoscale Spark extra cost | B14: =0 -> 0 | C14: =Inputs!$B$17*Inputs!$B$5 -> 0 | D14: =Inputs!$B$17*Inputs!$B$5 -> 0 | E14: $/month | F14: PAYG CU-hour basis
A15: Total monthly cost (PAYG) | B15: =SUM(B10:B14) -> 960 | C15: =SUM(C5,C10:C14) -> 9752.2 | D15: =SUM(D5,D10:D14) -> 9699.4 | E15: $/month | F15: PAYG Fabric case
A16: Total monthly cost (with reservation) | B16: =SUM(B10:B14) -> 960 | C16: =SUM(C6,C10:C14) -> 8051.848 | D16: =SUM(D6,D10:D14) -> 6298.696 | E16: $/month | F16: Reserved Fabric case

Sheet Summary
A1: Fabric + Power BI Economics Summary
A3: Key outputs
A4: Metric | B4: Value | C4: Units | D4: Source
A5: Estimated required continuous CUs | B5: =Sizing!B13 -> 110 | C5: CUs | D5: Sizing
A6: Recommended SKU | B6: =Sizing!B15 -> F128 | C6: SKU | D6: Sizing
A7: Recommended SKU monthly PAYG | B7: =VLOOKUP(B6,'SKU Catalog'!$A$3:$I$13,8,FALSE) -> 16588.8 | C7: $/month | D7: SKU Catalog
A8: Recommended SKU monthly reserved | B8: =VLOOKUP(B6,'SKU Catalog'!$A$3:$I$13,9,FALSE) -> 9787.392 | C8: $/month | D8: SKU Catalog
A9: Scenario B total monthly PAYG | B9: =Scenarios!C15 -> 9752.2 | C9: $/month | D9: Scenarios
A10: Scenario C total monthly PAYG | B10: =Scenarios!D15 -> 9699.4 | C10: $/month | D10: Scenarios
A11: Scenario B total monthly reserved | B11: =Scenarios!C16 -> 8051.848 | C11: $/month | D11: Scenarios
A12: Scenario C total monthly reserved | B12: =Scenarios!D16 -> 6298.696 | C12: $/month | D12: Scenarios
A13: Viewer licensing break-point comment | B13: If many viewers are free on F64+, stepping up from sub-F64 may be cheaper than licensing them individually. | C13: text | D13: Planning heuristic
A16: Scenario chart
A17: Scenario | B17: PAYG | C17: Reserved
A18: Fabric < F64 | B18: =Scenarios!C15 -> 9752.2 | C18: =Scenarios!C16 -> 8051.848
A19: Fabric F64+ | B19: =Scenarios!D15 -> 9699.4 | C19: =Scenarios!D16 -> 6298.696
